itn_node_10_12,itn_node_10_3,itn_node_10_4,itn_node_10_6,itn_node_10_8,itn_node_10_9,itn_node_11_11,itn_node_11_15,itn_node_11_16,itn_node_12_15,itn_node_13_8,itn_node_14_10,itn_node_14_11,itn_node_2_11,itn_node_2_12,itn_node_3_12,itn_node_4_12,itn_node_4_14,itn_node_4_15,itn_node_4_7,itn_node_4_9,itn_node_5_10,itn_node_5_12,itn_node_6_10,itn_node_6_13,itn_node_6_16,itn_node_6_6,itn_node_6_8,itn_node_7_16,itn_node_7_2,itn_node_7_4,itn_node_7_6,itn_node_7_8,itn_node_7_9,itn_node_8_13,itn_node_8_16,itn_node_8_5,itn_node_8_7,itn_node_9_11,itn_node_9_14,itn_node_9_16,itn_node_9_17,itn_node_9_3,itn_node_9_4,itn_node_9_5,itn_node_9_7,itn_node_9_8
0.0,0.008970098484479957,0.002105356851853393,0.006210919731138734,0.009082575807932503,0.0037106676192976153,0.002010292288171957,0.006189615809022805,0.008164926514250114,0.0028691653160496868,0.008026535103224335,0.0033594730745186104,0.0035472209485857826,0.006276298867607029,0.007247201882495649,0.006141619709179466,0.01034225022389062,0.006601518112723875,0.005482003010792449,0.006518307199127598,0.009350835966546135,0.008548462680490827,0.0024905761060710096,0.007201568004427093,0.00018363784828458331,0.011351904913019215,0.003763890600767276,0.0036173843107756704,0.009957203629241056,0.006267513205150164,0.0019602025538188574,0.001878728846311824,0.0026003150648418526,0.0017807491987748174,0.0028211481474613278,0.005929069564838541,0.005898550745779223,0.0036680694276439514,0.004864804625218324,0.00018543912795127137,0.0025126715188161404,0.005819873699428525,0.007432557706776159,0.01014192176278983,0.008736198409568451,0.004197988196958432,0.003982687583907216
0.008136697577545442,0.0,0.00577088769693154,0.007122842049203673,0.00746627347137698,0.002385387541740145,0.009017086661674426,0.00516008389872202,0.008852612998854583,0.004949788214349904,0.002289425754471667,0.003679075290645381,0.0029652376189548604,0.009246998744284215,0.0040415720081079355,0.0029783285286117647,0.005321036477886087,0.0016418486111950807,0.006581938190282792,0.0034681372378034883,0.006003077908196661,0.008043411007126508,0.0015754578239794191,0.0014440347161011034,0.006354995006417469,0.0034160745188723234,0.0059340421874360255,0.009102276810016768,0.004912809435332756,0.008160286649991008,0.001974212825385014,0.007761211386052509,0.008795305865471965,0.003499176911709102,0.008507585133860785,0.004165540353533125,0.0004300931320158964,0.00011336615970760825,0.005086432397889368,0.008145114262579255,0.00840150532156496,0.009185049447775585,0.009029776920656707,0.005102631505945204,0.0052724925262575524,0.004982552615158905,0.0035262285983244453
0.003804695490428513,0.005135147747271503,0.0,0.0036272826879393135,0.00551733761979556,0.0007864921920300021,0.007600303354622582,0.0020147316899981936,0.005506658590694242,0.0011628624178722468,0.0017537273445465212,0.002676034867849816,0.005078615743756899,0.005202956049787625,0.009289068828583014,0.003099855104506115,0.005482779564626568,0.010179613450917441,0.002115459821631437,0.007891537549007293,0.010631107206901299,0.00444998814268915,0.003996982966945838,0.0064374356557511106,0.00460067515883625,0.006727429193274559,0.010267158504163255,0.009635208455797526,0.006497112820407233,0.0051218735001799095,0.004383824939089952,0.0023909398701538894,0.007717877770042607,0.006364740354484733,0.004136878944672277,0.010363663487763998,0.004104298024884051,0.002508033918565852,0.005290343513366788,0.0031744767486150006,0.007782353526123627,0.008606202293107018,0.005161833506514187,0.00439696893471809,0.006002402249762461,0.009007393213576326,0.002317636983748121
0.0037255343625956596,0.009893885814839722,0.0016980157920652612,0.0,0.006559350622364406,0.008642587266448487,0.0039121169762405365,0.009445288454349205,0.003111698525305024,0.008317035664147671,0.007853563560910175,0.006523029536925275,0.002901580057427602,0.0049090195166985005,0.0017531828370868797,0.0001160959206588497,0.0016207653010824536,0.007051775510735946,0.0011022259442565983,0.0034712590947664017,0.006857595221205807,0.0094561299934635,0.007816976960030825,0.006698689648655411,0.0033817235456346548,0.002063406997223907,0.009636829866715204,0.010150583170061572,0.0004141250049872829,0.01009458697911272,0.004955171462997652,0.005936417816277041,0.007313820260728673,0.007515208746687727,0.0011105094455140386,0.00856577895521987,0.0023595925005523316,0.00031879551366519884,0.010033872103412842,0.007395816723479915,0.0067706331334764286,0.0034452693201781244,0.00018684043248334096,0.005946284454587185,0.009924967502331282,0.008246249138569145,0.0007961143438436849
0.004967440711589603,0.00029781222639565364,0.006725328641555636,0.00478037947785909,0.0,0.003592982414374347,0.004988634396924358,0.006703218615378112,0.001435006515503155,0.0019760791003916364,0.0018846132995575633,0.00463913316015964,0.005117001415791626,0.011130431518451521,0.0030800120848307696,0.00625241539606396,0.0046316756919840465,0.0067878806220469596,0.004810578686334486,0.0015350218035588951,0.002419400253569116,0.0026842402025469207,0.011067014512039602,0.008187425085268854,0.005141649917647737,0.003106543255308499,0.011437023118513016,0.010359737602584419,0.009903854980599116,0.008648520737996544,0.008960440723673533,0.0008705272617103516,0.006075453027557862,0.0071635044677311075,0.012149077115240978,0.0047544685924281295,0.01202501453292602,0.0030246714669656654,0.0007096055879834415,0.007111535301649149,0.008461527234194308,0.0014826407417279964,0.0032168287026949184,0.003012774580199473,0.0057453537515125275,0.001469219502429926,0.005476301964549739
0.005683042582846635,0.005596183408650529,0.00957417448509481,0.006360956873807845,0.004350096974225249,0.0,0.006179380514903629,0.004894936752764012,0.009906378164551996,0.009271919463322927,0.005050097125104898,0.007090835619841132,0.002673908818235515,0.0010886499117376356,0.003123207535438873,0.0031459499982081224,0.004200767157074669,0.008255177700148136,0.0010048577593092124,3.555994340666008e-05,0.004001786835361855,0.0007704210730344534,0.0020719709259635296,0.008420182483724383,0.00847304130470936,0.0011339531708268217,0.008326131129442735,0.0054709154748835065,0.0052266376404870515,0.0037016695788586536,0.0026923346542568746,0.004860769173813483,0.003073246552293323,0.00887305860756532,0.008400468141942768,0.007868121327707523,0.009734035873759761,0.007988600743012568,0.003807091379972781,0.0019215763893912394,0.0007650785992077384,0.0075055902645885285,0.00904145417647857,0.005759170107211812,0.006852932929300518,0.006638369595434802,0.00913531107809751
0.00866070913344971,0.005441550784615419,0.007264346632222807,0.0002739751581302266,0.004327474824882948,0.0006676235847910231,0.0,0.0054448425652514525,0.009770313377280156,0.0012929399527559704,0.007077203732916415,0.0026363049464669767,0.004717068199641171,0.0067987809870136365,0.0043403593917654415,0.008612018909338043,0.006079776331296874,0.006907424507895689,0.006707721056888621,0.0035521371063792786,0.00026496805281625964,4.8493075626203316e-05,0.006263850802680199,0.007270645328664863,0.005507480782020706,0.0036957134785180075,0.0045346196685163796,0.0004635216458855941,0.008589539809373952,0.006676269882598518,0.008634347236889833,0.009372439648750439,0.006746312839469998,0.009816595996644084,0.005555202816186198,0.00805022232965699,0.0016101700529843094,0.0011701488532274654,0.008943126049171591,0.01005242319035737,0.0016122913456709008,0.0004909981621279497,0.008055813049975291,0.001710837391900521,0.008794629085364193,0.006566288085483313,0.008930480156457045
0.0019567999558355604,0.008423952995614152,0.004142625680947946,0.010377071272776879,0.006904461115031219,0.0012639322508818992,0.0006526819993367621,0.0,0.002113131510885356,0.005113150682146835,0.002061941680540935,0.009102687601572793,0.0014755146997459637,0.008510826575258186,0.0043675332321082005,0.007588945351340923,0.0070582319040995165,0.00602519645985165,0.0008406967504018023,0.0067972922005261225,0.003330855830416257,0.010186530229477323,0.00988805812877896,0.011307075145988736,0.007999786684977356,0.006441247978686934,0.00948128853152354,0.0018005739559831407,0.0041184311666816785,0.002101555882506501,0.010777611275710305,0.008291240938985117,0.002408476454187101,0.0013023038281153622,0.005720879455366927,0.011144380356402105,0.003115206854584108,0.010433713333274662,0.003643493523680078,0.0039045125343515528,0.0026768238799560955,0.005325260461106968,0.011272608626046138,0.0036747589742481385,0.00040111854424629094,3.959684131073929e-05,0.004435936664505179
0.006404838664321679,0.005287079464496898,0.002299571498198193,0.003562749102420337,0.006582812583244431,0.0003760930679463718,0.00972219836598081,0.0033096826277288754,0.0,0.003818958738034255,0.009824148649443473,0.00027933985399881164,0.006695397435415818,0.004186524768854796,0.00671712387071827,0.007945510024254579,0.007884080830135323,0.0030796942203075092,0.0009741380989281885,0.009218252403673622,0.006332027014544322,0.008793895415250256,0.009078566656523214,0.0065634011285237185,0.008815686543114182,0.0023932282719465324,0.0059089187817440445,0.00865895664895462,0.008884330663504152,0.009285838089688605,0.0057227989133367095,0.0011959347138120575,0.006207393737168039,0.0034134787666862685,0.0021768572790865455,0.006824321932769847,0.009248184634513736,0.009272641678273023,0.005398518158863083,0.0008485319177937265,0.000563316009624737,0.004893504156165504,0.007222402350920747,0.0030529838390788763,0.003964454703036857,0.0026207382311748463,0.004490895495799452
0.009147821945570175,0.008998214768111554,0.005078844930555601,0.001956819258912568,0.0026063535638833706,0.0024882051234411096,0.0023437857142361504,0.002253039142688899,0.00938214534765924,0.0,0.0027558469935391396,0.002204333037543496,0.008575499249049698,0.006111730974693523,0.0004525254421762317,0.006125573334152673,0.006380437074440076,0.0034698310859361614,0.009221592307679884,0.006395868658419006,0.002498109264619102,0.0026906414393763917,0.008801915311966644,0.009745940028880799,0.009460343503001001,0.0007774130193820728,0.005692921732971863,0.006797992833939254,0.006685488882836724,0.002636115146225798,0.0001539521301005486,0.007833483047120166,0.009097677718143949,0.005262258806268881,0.009653442930385494,0.0023523250930531036,0.001840459061331533,0.009251878222391334,0.007937878521320227,0.005203766685836033,0.004257463288745672,0.0010823353196856736,0.009111112466769208,0.009678672531016124,0.0007600251316662433,0.005102016946587762,0.009685902983689813
0.011111754803958108,0.0046554389457235095,0.0022743635654740965,0.009685778965845085,0.004575574722324955,0.006545416992928181,0.0020740487662874708,0.008270063699369744,0.008201888300859328,0.004991400255536782,0.0,0.0017576152310973927,0.00259723514826358,0.0045956595040282,0.0023208238585278513,0.004642238970319851,0.008532935824664724,0.001417244879195762,0.002072781231319656,0.0012899366528419582,0.0076520527871770955,0.010958073301779047,0.003353044213509583,0.007181840719517421,0.0013471588923461572,0.00028413623927094485,0.004171736655633939,0.0014499148727155444,0.01105519129685142,0.004916381869636063,0.0010418230976879776,0.006900597075519608,0.006172626656220483,0.008236311977292781,0.006610536456692595,0.011076622802103437,0.010959096868584232,0.00022406449030504326,0.004079174474522311,0.011304345508549155,0.0033525942212239744,0.002729708951772293,0.006282994487422234,0.005200407105014393,0.0037454439921232063,0.00772551833699559,0.010376402330967203
0.004590293432220476,0.00769896985987925,0.0005561675692216971,0.001152857024485264,0.008334592814718956,0.008168888076219497,0.009878232654286955,0.00962406615308147,0.004495832772022119,0.0009728255647274283,0.009307407320561942,0.0,0.0032232863808077006,0.0033728010485142438,0.00996981302910353,0.00981992772244405,0.005966867751051169,0.003787292756010925,0.005578669765597923,0.00021007769564251793,0.007135212497142338,0.009931651234224176,0.006663823780168833,0.00841807473563805,0.0008146276587853555,0.0064889021939019634,0.0036207254917753383,0.0063303045619835,0.0007735049637172336,0.006664496989817813,0.0025751187171422535,0.001515822299236308,0.008793109621021419,0.006866894250486096,0.0036323722977769876,0.0022315473059392344,0.003502879614273945,0.008806677091905276,0.002880553560802254,0.004449384078670845,0.010040092659748569,0.005215423137855214,0.0038637083325572504,0.0024306084852520047,0.00530537828979324,0.005707104283516455,0.008633132476270922
0.005909535361716047,0.009047464021663431,0.006500748864474741,0.008330613891761656,0.010020050073115024,0.00938775491492175,0.005821522886641585,0.008025647042346649,0.004865531849908615,0.005926272299967801,0.005122631877127186,0.009638751623823008,0.0,0.002323903306379654,0.003297902379561201,0.007613869944342516,0.0023473848757107176,0.004820215591596299,0.004079729455137916,0.008512452659260789,0.0043697942260592084,0.01046296583471039,0.003664364560657362,0.0034820853540530757,0.0030051900353977546,0.0076209706317808676,0.0027242926363973377,0.00719824451137991,0.00044827559095679347,0.008126302093564967,2.8546344528010536e-05,0.004575897253366736,0.0030728832798764517,0.005415667148553264,0.006567852102899872,0.0005976689436289315,0.0053518393494620215,0.008254321457742178,0.0015834538515630608,0.005299127463836586,0.0037298684731891527,0.009190199192095082,0.0010033600183176324,0.007938923969935938,0.00941222639140849,0.0005861622470373599,0.004697534118145026
0.0039586412244342825,0.010516029776295253,0.008288590570541047,0.00048413203900693903,0.008799557261032057,0.0017451835831025918,0.004852353268488992,0.003693516633831776,0.000994758897899872,0.0020459896074833846,0.0021734980823937934,0.012624097901597225,0.004991128481447817,0.0,0.0025814872928916904,0.006244210951211786,0.0028048939693863734,0.0006630593961107502,0.006977821966397236,0.003097993395306939,0.00683507691926584,0.0023168548826659127,0.005329748998380759,0.0013735475707508525,0.003882770596296893,0.0031167626296360216,0.0014438832456575609,0.0068560931591753254,0.005620410982493628,0.013013510613933807,0.003742921562105156,0.00314183109292764,0.0012312805770145236,0.007666440435114038,0.0038967860352676995,0.00964771378785723,0.004946874619461998,0.010933418751347486,0.0048670077488353084,0.002062145340201827,0.012603637955486729,0.012324175741958343,0.008243123776585409,0.0057412211185018545,0.01011143036027668,0.005753362357245066,0.005761024842696713
0.004831561128381898,0.008241198271912446,0.005917455095483473,0.008340813548705195,0.0018724214099974125,0.007777600349684936,0.008247376288675378,0.008561827250688277,0.004501017865659044,0.010473400538868449,0.0023037665967779314,9.059185494401577e-05,0.010486425492013408,0.0005662120471863118,0.0,0.00838772525251519,0.011113628755947794,0.010109130722599634,0.008595939410423279,0.003381104021333675,0.002313363893899807,0.007370779950379969,0.0004492230469266884,0.005153864109420018,0.006020353206469926,0.0012377002749977522,0.009213199479692733,0.008632439407494728,0.0014972848903740913,0.0016531120412520597,0.005759562931161822,0.0024411927177520115,0.010374276745005188,0.005231634033352072,0.0008406163255932488,0.0010801598486573963,0.008651326778170888,0.0024081765740298165,0.006527017652525682,0.009504906614952574,0.007055757870954798,0.003673585518790652,0.0018361900988798628,0.004035220990256541,0.001078898354804952,0.0016217581813498384,0.010539202561057146
0.0070060685878571526,0.0028131747406286707,0.0032035659432392105,0.011126834679197922,0.003030546872644999,0.010499496092852884,0.0024636686440065807,0.007584986141119943,0.0006200613918193195,0.00020446361003347425,0.0006403393287375887,0.005144962584797818,0.007431236015660451,0.003793672688118642,0.0021505428619181138,0.0,0.010412402064521152,0.004745149153347809,0.007847338933282643,0.00031045873625841106,0.005822339340227746,0.00044888173704145997,0.004567392932954414,0.00016375483747030917,0.0059195112072243225,0.012382954420894298,0.001011434174990843,0.008929082065460206,0.006883440559200879,0.0043047186553188165,0.00608101790435827,0.00135756957183224,0.00648023941765122,0.011408780021054046,0.011545197331369847,0.0031106785905502844,0.003625768613182134,0.004567489045346573,0.0016298132905071322,0.012237731985283776,0.004039695073030068,0.01227364246862657,0.0003076566558910205,0.012439754764272632,0.00553851793528231,0.004460624055895137,0.007433344275040642
0.005427032819155752,0.007093756666650943,0.007866471138861904,0.004689807632625065,0.0047631880365621325,0.008219862594731606,0.002636511320874916,0.0047550634624191,0.0026947804180932223,0.0022018737501073,0.006318237152728105,0.008998693785106272,0.0019584683082387367,0.006106810052248812,0.003140311710871641,0.0004622589957340889,0.0,0.003969248441132262,0.006880755795430946,0.007066660083357271,0.007417248057995715,0.005718463020610841,0.009471822883843153,0.0022123379079706396,0.006568138396413521,0.007609409637780755,0.0029686344972948975,0.003065123936385226,0.003512599251457806,0.005008269958783961,0.006010616555050436,0.0004460709372423732,0.004358013803400619,0.00945666256684247,0.009437455507985991,0.0019837029404830234,0.005412424186071883,0.004018583723953225,0.005216085557582712,0.0056395305462516605,0.008963180080727353,0.003068945056057115,0.009699073477216071,0.006439824520723526,0.007903998392251779,0.004475745433948381,0.008668247000744797
0.009966764154506754,0.006274005840855032,0.007069564081778011,0.006070919066630536,0.005962395815383985,0.0037531827505961823,0.010260381014188611,0.004024708367290992,0.008693031966536608,0.010210474900240626,0.0060854028614824906,0.006975093168277861,0.0008967338594560828,0.009147062963660092,0.0048425951409101844,0.007536984067514199,0.0021174238037003556,0.0,0.0009212657096392557,0.0031486881311454653,0.005083781024659063,0.0017225302580046928,0.005229214892021945,0.002282199937688033,0.007673701934037378,0.002680151094291725,0.008187790713741198,0.009393958077155963,0.007219140536067539,0.005865584703081747,0.0013767550366359411,0.003868270076607254,0.0008613757015053162,0.00525759306971854,0.008483316155433157,0.0004762622691945137,0.00475079950577824,0.0037558571205355416,0.008501622552218487,0.006823141812707604,0.00011727155802154677,0.00764482902126837,0.00403190622567852,0.0047668643809873025,0.007648763168753274,0.009456699568887441,0.0028839419415263336
0.0004098401523758657,0.0073095043699271675,0.004585332212185505,0.007059542694347417,0.0011360129641553812,0.00841879550857522,0.0020896198433725866,0.0077009584414414,0.00279315423027667,0.00442706306244259,0.005941978362317839,0.0013157457910411314,0.0027952257882946346,0.009062603395088544,0.007125217674959644,0.009089241600443165,0.0065730172854109575,0.006289898338426397,0.0,0.005975215707661967,0.0003421195079661399,0.005565009243238963,0.000970850953974805,0.00813678910500577,0.004667261457373263,0.006542108431277941,0.0025656700351204885,0.00709518514605512,0.00787192067862202,0.0007109573299905705,0.005624343181801149,0.007658157083172733,0.006362012468622752,0.005073659744700906,0.00913864120268827,0.0052443408203314175,0.006812798822391102,0.0024181795804941717,0.005920682937501091,0.00535262910105913,0.002573878396829671,0.009064462963020131,0.005841479343819311,0.004476222452988643,0.00812955374707392,0.007993681163532398,0.007749437678604008
0.0011781701953000492,0.00023215776853050804,0.004213679487501281,0.007625224566523618,0.012126074317518897,0.0026104811124685818,0.0006243277758619572,0.006258578249955489,0.0002724329085679975,0.0009452856694561172,0.011447598255259896,0.008972967331265408,0.0108987332509509,0.012233727274269399,0.011086456346844901,0.003591817095484236,0.002224674396650712,0.002954267673359435,0.005885930320366418,0.0,0.001159958315710591,0.004903123075566156,0.009869761472595105,0.0005142955961736535,0.011132113073139166,0.012699249558171878,0.009836275775546967,0.0010537560785732693,0.0003267253370048876,6.576202392033637e-05,0.0037257938574067604,0.006590952600153653,0.005074126387084074,0.0033875479282010584,0.007917691676577071,0.002366749220843206,0.007497581252970421,0.0018360053682256981,0.00045064653785018726,0.013183563594693842,0.01102905811920569,0.007299108114019443,0.005937994383253696,0.009655465784329905,0.0038625411650380906,0.00014101607425539368,0.0031005536333540413
0.00903633850864928,0.006447090639889348,0.012481640887702903,0.001827807815856212,0.0006101456541001199,0.011357347571793784,0.003920189334697951,0.004963783638281618,0.0010204934344213968,0.004448141756834589,1.2800239632094627e-05,0.007890590047200325,0.0025299111311805323,0.008914468020839244,0.0030091786172720993,0.0005611057696651459,0.010928169386233913,0.0009237238482419787,0.008341585039524875,0.003552447898198814,0.0,0.002367043551432415,0.006597739495281243,0.010699935105912469,0.010595807676029781,0.0017594430840271252,0.011418175952122576,0.006002325437454277,0.004210184953871312,0.006825350253578705,0.005900414440807562,0.002762492665377294,0.005568725256417681,0.0060670722393165325,0.008503474312297091,0.0007005850670688718,0.00011258860994100227,0.006385228991588032,0.0027475399199536218,0.002529122678658051,0.00859559975040089,0.0019733955367254507,0.0019906108987326047,0.00764391380420527,0.004032566701504247,0.011249379813151049,0.009984324563928618
0.010206730935179526,0.0005679072229563345,0.001525467608414153,0.008562815087400028,0.0019580820939240208,0.006416169897097523,0.0011839974198001896,0.004977804352204083,0.0017154752812913853,0.0033454566810573855,0.008403197167864808,0.006894364133477312,0.007820032628627913,0.009753610800974194,0.009752747096685898,0.0056659226887260635,0.005476404667433036,0.0036668866040357345,0.00983912636804815,0.0029372059111347063,0.00968128250881842,0.0,0.0022487337744061192,0.0057492742650721435,0.001780857760461397,0.010436056957053977,0.009013327784278304,0.00922483837770072,0.0014055146746697483,0.0006537713058168949,0.009748981219037863,0.00631615826026323,0.004166241888423125,0.007048140910264859,0.0016622879216130967,0.009418775683251874,0.004472578614508361,0.003919500588964528,0.00966949677200323,0.005261597446153418,0.004389555808812623,0.003029391095521276,0.0011217949193963073,0.010481629060153236,0.0018344790604880278,0.0048322031829147365,0.0017641255136199255
0.007845544241168739,0.004460437593040617,0.009700031521691832,0.010479547055771504,0.005067002112790022,0.010959923521400253,0.008471371107637028,0.006494788952434176,0.001513114110041696,0.00907938308257306,0.001176584841628972,0.0037714983713569962,0.0063440473152312805,0.0021746994237288853,0.0007692367916622852,0.009888254736036226,0.010737562870699307,0.0046739389260924335,0.0022020263648386785,0.0035954368304571393,0.0067949883944521125,0.0018663340307999469,0.0,0.0036932778124107186,0.011020855826878881,0.0086735627186069,0.007023485980431388,0.0006327998102441317,0.0012578705203938351,0.0023531158105129357,0.006579185048659429,0.004943678519995458,0.006896991526465228,0.0035968140567388318,0.0018634753617537236,0.005203706628566687,0.003518612355068854,0.011172902873699904,0.00020313645966619655,0.007753107129094347,0.009791826524598573,0.003996285374892398,0.0071438785180754135,0.00041690760133410545,0.002847068099201443,0.009782101736323115,0.0015696015108543153
0.01093685115392982,0.002056989574097225,0.002215422177787498,0.0023176538848119037,0.0014063622790280181,0.007249419488126589,0.0004616187898371832,0.005344723906131363,0.0008024904381518402,0.006836937495553657,0.006891468712523774,0.0040347863463123905,0.0030163188571699093,0.006304431270477497,0.009739129709544603,0.009392266919884021,0.01068474602295029,0.00386460288898444,0.008111638562976515,0.0030079400504263946,0.01130642540653998,0.007473497951327423,0.0024038119300370166,0.0,0.004784858246689817,0.0010541120897578494,0.008571114869538885,0.011256485079884061,0.008759602834719627,0.0030083309435323946,0.002634807660549591,0.009572394547509931,0.0060652211125569715,0.0003764700939379578,0.008073377171323283,0.006880156739396988,0.004874308150747941,0.002037912412957441,0.00606706882086907,0.0010930698753318362,0.00410386037022794,0.010476658264521807,0.003172802803570614,0.0007119659795235014,0.008115347064628676,0.004123896520032179,0.008326644531582349
0.008609515980565911,0.008613650638174514,0.00010645247156022838,0.0008529856939242388,0.0042944702310780255,0.005884214477957023,0.006155936398905353,0.005332857272562216,0.008378108787453185,0.007452729976190268,0.0032840127519641006,0.002450907223371079,0.006556119522073462,0.003138338776456072,0.009063837854842062,0.004056474436030378,0.004508710156704756,0.004637504491050127,0.0010346785920230235,0.007075179170044525,0.005514358268331542,0.00951578892218148,0.0012570046246961764,0.008714986891866505,0.0,0.009887091970373072,0.0013142760669106804,0.001606886533626774,0.009195341492573863,0.009403783160521234,0.0038265772553064755,0.0048303277152365745,0.00670978950714932,0.008141214028425468,0.00736661483225788,0.009644392352562597,0.0008780235729487045,0.0012872271559331995,0.006203428105940039,0.005589874043484794,0.0006261092889586921,0.004398345878413667,0.005680549638544429,0.009487579251548646,0.00858319661580603,0.007046450030589142,0.0018040978928825677
0.0033599733066046735,0.00952065717137735,7.835477740341134e-05,0.008004595698350528,0.0004068895236708007,0.0008179135866809311,0.007719863401004646,0.0011504583956974631,0.011230375256307336,0.0009451418433346357,0.004288211777622124,0.010572063209517769,0.012170829153675166,0.00794020509862465,0.0008877911846941514,0.005042311407128098,0.012251468283840786,0.0028446273816320113,0.007327836140575382,0.006995927088780206,0.01164588816582037,0.0017497316040529847,0.009244930797318926,0.00018264496151472427,0.0028382484205150943,0.0,0.0019983251310850994,3.321389695787424e-05,0.0018743310256978942,0.011801682323281538,0.0008252343977720254,0.0038123856456361576,0.0018915414308349698,0.008497943883279855,0.011966791569494392,0.01106739508645639,0.00405587521324973,0.01245298354282739,0.0036785391170755795,0.003420050761049042,0.005960254037748782,0.0051649731353051965,0.006850991341914724,0.0012621999098157049,0.0019084782860984224,0.0054140931909323455,0.006845779437742644
0.0074901442682717406,0.00793941702025147,0.00627546985071929,0.0008422890114723357,0.005743837506481046,0.00587604789668773,0.001220939737538859,0.0003426819683082268,0.0008239135461053911,0.004556443711164787,0.009368273021926624,0.004935223934124992,0.011333488590643814,0.007546997878821101,0.005553084346312637,0.009853404049143201,0.009765593455735267,0.006644329217951634,0.003000508598666071,0.0030094142148662946,0.005124751979756378,0.00013057527837461702,0.002993161859220242,0.007464262758972782,0.003175149115917862,0.006355254933113328,0.0,0.0030289116573204646,0.0006963734901977856,0.004609441532910623,0.00043747801315605826,0.010226169605129273,0.005454477374162573,0.011836869698417253,0.006561530490739702,0.00330564649879467,0.0019769644611195005,0.0022134018099391924,0.008365070375677588,0.0020375368458295947,0.00831268195945131,0.007295052266134765,0.005979381411828336,0.008896832253120305,0.0022395989497317444,0.011160662318251835,0.008001261237539687
0.006739658667639582,0.008769254466858022,0.0058936384399442395,0.007696392526270423,0.007738719029765778,0.009627634546326917,0.009030676993413733,0.0006812265830525544,0.0052170693037917396,0.00573382549872715,0.0037953845779098126,0.002564666638050672,0.004410713873055758,0.005229035159312316,0.004382194510956047,0.003227859692181902,0.004403763025361388,0.008866582933477841,0.008652557268501978,0.0033775215673358854,0.00046593072215770926,0.00798039340531692,0.009426090130936529,0.009112347704066487,0.0004410346650684677,0.0035352481812078646,0.0030092592335628603,0.0,0.004572832206939002,0.0007462278564470262,0.009084461105966422,0.003318212031866505,0.0077646697289845525,0.007353771963895302,0.0007477164112477337,0.008760885974131463,0.0008081554475985256,0.0019629596973650036,0.008317966514020237,0.005581221762388677,0.005953145604926919,0.008837544137603745,0.007077427109956726,0.004394728981542629,0.005658717447348957,0.001977700820897723,0.007072975852622313
0.005484749661124067,0.008854910427594419,0.005602201176925554,0.010067525835655877,0.0033068377928069086,0.007941358547788515,0.0008383373960888042,0.0031784731006024003,0.00661135988260738,0.0068493350292021145,0.0007599878225652276,0.0041977447197276245,0.0006117087696798117,0.0006814895995485627,0.004830884587366592,0.0030620211881961165,0.010206318245387182,0.005573929881773664,0.0018410862657131381,0.005399821223120617,0.004295768964494484,0.0038762183068128775,0.0037558823007015955,0.010338681243298344,0.009967606210573588,0.007466237482204988,0.004256530764990805,0.010141306550203165,0.0,0.0003028549081741542,0.004322645495362855,0.009852160472750166,0.00875144326382595,0.006980971036723488,0.007168867791695143,0.006450846997206124,0.002746394411595902,0.005344464496356996,0.005739720550261959,0.008326372527154378,0.006089093178246044,0.007400132737776986,0.0052561827455566024,0.0001278069059928897,0.004981744529318779,0.002815023455043531,0.007344961520203654
0.007080012493146334,0.008290269941810108,0.010502467851825972,0.010077941985187305,0.0036271447823575474,0.007410671923607632,0.008852957500095824,0.009050964996805164,0.005934696273352489,0.007198528348825293,0.005330978767893311,8.530171788640957e-05,0.007613594565781732,0.002640918828540964,0.0059294564518353465,0.005992796456493708,0.010006502162937763,0.004170768575719165,0.0005012086076595745,0.005102859089857805,0.004809718595616856,0.0027341005803115234,0.004624964883552111,0.008132914743659306,0.0096956606831351,0.008250913095516484,0.0031451574753767063,0.005790628404300663,0.0003524256654447121,0.0,0.006039715190743763,0.0018330485429598508,0.00455132766024993,0.008010619500679097,0.0057472326640495616,0.0017447273200153098,0.00515471626224771,0.005578431325836824,0.0017709877720391534,0.005954925835493788,0.008665514896545776,0.0014578383618810474,0.006822495996028431,0.0025255068909874746,0.0016766563993815846,0.004155190470076834,0.005374539462251017
0.006282660301581904,4.83171006888456e-05,0.012034937476530444,0.0008144454074453194,0.009615265511833242,0.006860178988711671,0.0011004863959406823,0.00016359311794664064,0.0008154456765885156,0.00011714131513710883,0.012219416235869768,0.0018709254981205718,0.00753817586987271,0.006391584555469695,0.002395094815039974,0.01082398661003062,0.0007583712370845877,0.00013422607521237936,0.012353819465716656,0.01022870023637231,0.009065847919982141,0.007646497401529305,1.4858652170752599e-05,0.007055912931787397,0.011590992618063897,0.008181869049606418,0.005920561999245706,0.00677508633172415,0.003995589874500044,0.0007986517295287572,0.0,0.003834201851799163,0.006180928497891163,0.0051731775189616715,0.001424146906325762,0.011926950454624994,0.00613774526284389,0.0007883394675673675,0.008353352055572007,0.0028283136178960935,0.0010238013426960427,0.0011437256321663134,0.009451259562707039,0.0012746876142025725,0.007352711221501343,0.011407763291978576,0.008086255301933794
0.010015475282709732,0.009715105693852267,6.155185175606797e-05,0.003336336009289249,0.008367372364152985,0.009642605654075754,0.0044587030506950225,0.004894878999813715,0.004322766886620101,0.0025139991250492724,0.0016494750609897166,2.890033995771201e-05,0.008558099295571456,0.004599870971868917,0.008241219895221976,0.0071096870453576134,0.0025512582305139892,0.004871940172535019,0.005708005676456439,0.010286303298524386,0.007530004428792204,0.010853398245259915,2.858409506405146e-05,0.010560306858743892,0.008555691261607002,0.007272972983130563,0.0007242061318428379,0.00945492312654904,0.001124206018784293,0.009103935944396513,2.565389212485002e-05,0.0,0.002824394182993276,0.0036888575962074044,0.0039678225532065675,0.0024173423081961204,0.007205621344582708,0.009218112373251769,0.0007963642073567165,0.003743362273128784,0.006813978487008168,0.007845548171792423,0.005310945613030512,0.00249681216977636,0.004103170053094649,0.008254076281772537,0.005146154493295384
0.005374415443114572,0.001146715804364477,0.0028514959188576513,0.004299643620243108,0.008030681839758259,0.003448046803323995,0.009277602614331072,0.010752866679247174,0.0005153448657474142,0.0010849432010626712,0.002448057153494905,0.003886289868293331,0.001539587842343615,0.010623775604973311,0.008958550461745375,0.0020143454504935343,0.003689847656106364,0.00660037084892106,0.007481013924307756,0.008269577286382364,0.0020519965802561616,0.004209019881109383,0.002921687934107946,0.006339378107749433,0.004604413906002593,0.0037151266222447397,0.010240739930077654,0.00330180686546662,0.0031597491625223366,0.004523008521650003,0.008251504220244775,0.009354579142120104,0.0,0.005593460794901733,0.010821425632275887,0.005962622265937544,0.00233270505977419,0.010391284505596416,0.008603688599315361,0.005140129019181451,0.002786078606838749,0.001037150550399605,0.008105557422798719,0.007982728251595204,0.003252558752373739,0.009313228066145323,0.003711198712202408
0.009410120566541183,0.004837257790727863,0.007591450993754892,0.0017231405342900419,0.00658601980935517,0.009295771128444052,0.004583793256670058,0.002920235499300375,0.009049674291109918,0.0026982653074404685,0.0009028268881495193,0.0047227616492277,0.005494270255832315,0.00837240297107947,0.003973482705315423,0.0006597305841969927,0.005214550677314236,0.007542654162857552,0.0057911176676271724,0.007724011834118624,0.003730932412021012,0.002664779351063017,0.008031145327630522,0.01032152621324847,0.00034346445990292393,0.005105520487943596,0.004557528252346243,0.010039482393635881,0.007087856540519303,0.0008678133183908552,0.004500234775408345,0.0016057761071799164,0.005941684114505588,0.0,0.005423748431015249,0.009335724334625371,0.010128005625497913,0.0035948433873716833,0.0004557216858224162,0.00676060066388403,0.008152134012455178,0.008703254177161373,0.0026798153055130783,0.006914395382992322,0.0017572715069487479,0.0037620278932858145,0.0084411752662781
0.00558294721568188,0.007401736715162328,0.008027934354230425,0.0013710766432216085,0.007839912520264803,0.007295499725776316,0.0077316868898789845,0.00739640594731798,0.0010295870902004515,0.0037529163637135265,0.008068449706657934,0.00873387330638302,0.004328829014528599,0.0027353939079490476,0.004905602833226456,0.0031039976629774263,0.007311679480401914,0.004990270858630654,0.0016579711325509438,0.004420651774647987,0.00792763377767091,0.006398265409529175,0.00715045736115523,0.003571547349017517,0.008476678551486753,0.00046462867495326247,0.004019088606404231,0.00753755636738648,0.007492863817677146,0.004476012319475341,0.007971474600491244,0.007794551513689243,0.0072698246377533235,0.00460787368981962,0.0,0.006854863087958962,0.004439444959533669,0.007739101592386758,0.0004834643965708607,0.0076599224822994335,0.0033460084674494612,0.008420130796171883,0.0039040920187668193,0.0011440797510637935,0.004333271301759214,0.0007224806672406898,0.008108260658886708
0.00012436340798866632,0.003006884870693115,0.0037860788524383005,0.013169421099765212,0.010491894994078304,8.861096018846794e-05,0.006900110285261224,0.005335292143519,0.002677828743273522,0.006035263322142335,0.001556689619040041,0.0023778328807315167,0.008981785939351694,0.003592945058499152,0.011228282474926134,0.012707810209742647,0.0012910454064939889,0.005859178292127653,0.0014746750862498913,0.0025795816695884967,0.0014106804401827165,0.007661307261075992,0.004364778555325953,0.009079985626788287,0.007912402161688559,0.0054049072801988,0.0013960790941320396,0.00853842464132543,0.0032660715808833017,0.01297191153499162,0.0027014221874334457,0.0067723648749580066,0.0037070891626501947,0.01110813474190138,0.0011023592754975668,0.0,0.0006379518791257135,0.0018924890252024597,0.003507752906707374,0.0016418902828001958,0.013143277354739445,0.006694775250637668,0.00450005433763508,0.005651450636851375,0.009458788272789504,0.0017351654499032742,0.010472910868475254
0.00233507823768007,0.0008418668356173762,0.0005532262046350874,0.005240043825404662,0.009341165908841029,0.009664706839052342,0.008478349244389121,0.0065455457206308855,0.006430869393878013,0.008522626692489073,0.009276879851794035,0.004365075458726149,0.000525224304352984,0.0050974594020286495,0.0018378312783843948,0.007413809841620527,0.006421365077785088,0.006461173888755975,0.007223749864891316,0.004139821266508147,0.003150180715520492,0.008922553589485878,0.003795786178126627,0.008610905910833563,0.0021720829028697743,0.006231566784571755,0.004699877113909321,0.008441735052786883,0.005129003669942809,0.004099610422068683,0.005892955868977714,0.005463890419219491,0.002967750754742479,0.00790101414053871,0.006429744526326181,0.006585372617484721,0.0,0.0026287176150618053,0.0005121903252762142,0.007315345636652257,0.003269303010123881,0.009043446920867353,0.0043291525494657,0.004325692593058199,0.001785600947710528,0.006480820291923589,0.009099830304990494
0.009734623161454504,0.006581162781312259,0.0032791644771429864,0.004841737275394176,0.0002664776397666392,0.004325139974085144,0.008544788198557902,0.009482187161038989,0.003141688211771569,0.006886744692264594,0.006189925589739973,0.0020776553040374904,0.001684252580707741,0.005564253392914807,0.002054137904332437,0.008672301598950377,0.004931305514716749,0.0093846018149276,0.009032195920883123,0.007331106687373293,0.009461998772407448,0.0009126805130321436,0.009825570697105513,0.008728380328124579,0.004616787933621342,0.001310030533401691,0.0013616625335796666,0.004332829229391718,0.0035403122375179145,0.003138302220823014,0.004784828516515628,0.0070445500393757025,0.006497021025152277,0.0030041626525804783,0.005232154795525184,0.006176519378490004,0.0013318505918941395,0.0,0.008118855839136173,0.006237365932339913,0.007380285047254498,0.005450860503176725,0.0020907836326939,0.010087602890865615,0.0014449727770826733,0.007304904507099393,0.006579276990440368
0.004251738466795953,0.00561346566108573,0.00888780185936293,0.0010322859653913797,0.007844398980053069,0.0020241816042592476,0.0021740219537899723,0.003364915978105175,0.0007243790192836988,0.0037342706733118954,0.010212700684858642,4.277609888942688e-05,0.0074200792911008374,0.006498944740371002,0.004188083319268997,0.0028518198472344872,0.010332193529476796,0.007306492752185324,0.0032707533480539116,0.005909224597681055,0.007639697060013676,0.0018374459140959535,0.0013139764392803377,0.00978518543672385,0.0006635884622168174,0.001212619684121997,0.009735532426228929,0.00968972839696435,0.0009696760108022793,0.00014220367953273196,0.009915675834936643,0.010468122395418127,0.010383894469882153,0.006185886478023482,0.006564219241187868,0.010043893924967687,0.0033684302330352273,0.0015457416424429194,0.0,0.004193587936654446,0.009777032600931015,0.008941470784880548,0.006989168570156416,0.005289459607868371,0.003646149669604945,0.005328050753714321,0.006685033975755415
0.005108038486027653,0.0003642184869438194,0.005216866223137355,0.004315855389243596,0.0073601683135455795,0.0018917357835410383,0.009635575989339581,0.008780841405815448,0.007279481606451404,0.005550012457179497,0.010387916808727162,0.005587534304389969,0.0069555895875670565,0.0036683076998315104,0.003572788215427506,0.0069687427101419504,0.009672576814116932,0.007869378636634242,0.004760181990433963,0.009566762537522012,0.0015263087304325264,0.010089536113921745,0.00881697477465581,0.004481522372214799,0.008279726424356818,0.0021449173304878837,0.003974065750920215,0.0010074100230621468,0.005170348302237704,0.006777742744567286,0.003620547109059672,0.009231580609328745,0.009582214795781762,0.0019629288935321633,0.006020765224076087,0.001776463763360856,0.002260262150105767,0.0005734411803337059,0.00896613643501322,0.0,0.0008183160435749028,0.0033983743309049133,0.0017821231616728529,0.0040962211911448835,0.010193086129507358,0.004390398064155606,0.004546014905573304
0.006030471574423918,0.008246026796431891,0.007910614184051567,0.005487659904429399,0.0006922690697781539,0.006139170267035095,0.006762100883868992,0.003619862017432006,0.005831093773175346,0.003537793797955209,0.0077226440927928176,0.003296129887199577,0.004219158091061137,0.00520165352871593,0.0010472347383763214,0.00801093397377864,0.001435303391568819,0.006379230713285638,0.003166790324738986,0.0024921664343376232,0.008977296966409396,0.005936837609489242,0.00219881350287274,0.008700493288383753,0.00915725865187645,0.005630506592495304,5.7743404422958954e-05,0.007098224061761945,0.003826053584297878,0.006504294045048487,0.008239996383984568,0.00700817103562568,0.0015648170708941337,0.006990926516120271,0.005098354736864478,0.00752060531519982,0.006867868645879955,0.008179144864502134,0.0018117512115505456,0.0062927294035898095,0.0,0.004502886294667047,0.004397650507716199,0.008941416553684137,0.006491598488556431,0.006866279788470092,0.003909974031199492
0.00011478727254993219,0.006919311383791968,0.005780791183803737,0.00618713160935754,0.0029085311287880625,0.005269691376721985,0.004943637837311704,0.005687774068827928,0.008821553450790564,0.0010182340668336816,0.004113887131616097,0.0029012906545125817,0.002564987878018511,0.005899503876140198,0.003652507049156356,0.008221498118406712,0.010108993088082725,8.481068763219891e-05,0.0066290692318539636,0.00610325558217465,0.0028439274050509034,0.003050463456485695,0.00040728642453720837,0.006966642950157362,0.009572310018256114,0.0032063917180598397,0.006956415522305005,0.008903131721841673,0.0034566996187375435,0.000986278854138501,0.00577988862653472,0.008946020532005603,0.006809010871977442,0.0014909455749756082,0.01061169729012932,0.009960032227646173,0.008383185464571657,0.010648443282727077,0.0024791407719496022,0.009102561876598796,0.006605544301606221,0.0,0.010121344969428849,0.00476800754353426,0.004204485730588305,0.005210206171331904,0.0005986903984535284
0.001599870512183937,0.007234022290810063,0.004061818055624363,0.009997465919897109,0.002972622465056812,0.0007223919634814394,0.0031041043934359894,0.006437918395293567,0.002807524924157859,0.002067936631753759,0.01068027865245728,0.010717123245879806,0.0012054988906583129,0.007758148198759463,0.0027290791315976544,0.0038500830454342837,0.006200382332554103,0.0032717879905502178,0.011043963668517854,0.009110332593942843,0.009076885750910459,0.004761239847400221,0.007878054266529225,0.0022440526735954132,0.0012410869837982742,0.0054818156556108244,0.009767801298475012,0.010941307268820526,0.01103838740043073,0.006324964843165101,6.62933952859842e-06,0.006359570778730758,0.0015054019472269225,0.0032622108624577226,0.0006542425683795247,0.006751885739209147,0.009987302141835505,0.010612969546095976,0.004836887206433601,0.004266337195978124,0.004680618542157492,0.006967150984719978,0.0,0.0007954478695211209,0.00399421671359525,0.008129988471248805,0.0008611908020989821
0.0077112013132341626,0.0017527782415008009,0.0005373797224646505,0.005622022555818871,0.007421993045764741,0.00797853394054566,0.0064339948115723754,0.007001424258244818,0.0023484456489887093,0.0017534714341500266,0.00031092288094571296,0.001970805632720075,0.010934183392741331,0.007064745830187707,0.0030013346776255863,0.000848185048484722,0.0009754272886111946,0.006363950516516818,0.005779517672362425,0.003522896598408381,0.007398809925485441,0.003182458779491427,0.004692898261138334,0.004439826317261023,0.00793871760153493,0.009773157764597836,0.0056368441414300354,0.006199184355034938,0.005083883125743623,0.007701165206213875,0.010534038592970751,9.111988237973358e-05,0.004079696723722991,0.007374762732072675,0.003800429147870957,0.010189803238460192,0.008626156776809982,0.010939374749978395,0.007105205035718972,0.007552994702903724,0.007045885685185616,0.005198219138245363,0.006609738708892363,0.0,0.0054851451161066055,0.00026211788546336075,0.003725151894398061
0.009181412294436536,0.007486964074364454,0.007642782918239867,0.009388066995434317,0.004606821022521139,0.0019507821952905672,0.00030476102604877557,0.0010987482553076197,0.009339988890877664,0.007700074878055233,0.0052745006934558905,0.004319371423196746,0.009715046685081054,0.002906292381035809,0.0012048478320574125,0.007792167890776706,0.004597184528454897,0.008469550871727015,0.0011473709064322754,0.005864036467816528,0.008591195695177073,0.008326575513854004,0.005543114231884626,0.0046558825982975375,0.008350136672160202,0.006884241234942313,0.0034362249352383827,0.010001027583358264,0.0012784810854908361,0.008098989908715857,0.009016369924051856,0.003109099305074313,0.010670339163059499,0.004732511636471017,0.0042134261689626765,0.010209429740102057,0.0024090139809631247,0.002371367546098127,0.006540343497462951,0.00872557121200989,4.4955854343096e-05,0.00037840576974317356,0.003173501147188926,0.0031242582431664084,0.0,0.005394048534266985,0.0007307165873063226
0.0009145361232120792,0.00015078294958772184,0.00781181017601511,0.00907543832274493,0.0038285347266518183,0.008708715976865435,0.005232089591649647,0.004307723058713027,0.005824640719439154,0.005204843873866154,0.006634947141942013,0.007357437034071651,0.003566825663533092,0.004287546254074305,0.0031852683382900876,0.005526526164059096,0.005212389293326621,0.007012343016711108,0.005774094959344148,0.002239499117918236,0.007091940761509433,0.009537430126825959,0.002125136435507758,0.002064703666127706,0.00571105849926328,0.003464026829067992,0.007427488963836062,0.00864378724749365,0.008683352737919649,0.008775070384763033,0.007768337154224001,0.008955850709290782,0.004793890268541657,0.0028090540801970106,0.0013833136102805379,0.00849078756530302,0.003524220281990771,0.0039060134178361488,0.008985025925100016,0.00404414442897038,0.004204301340832939,0.007682969749437631,0.006379083406063912,0.0017609483262221142,0.00559932801397326,0.0,0.004332743567405832
0.009544987617015818,0.003795440607864169,0.0032032450103331744,0.0017848251029524008,0.0022276485480877627,0.007369240305450476,0.00923568735735006,0.003946524825250378,0.005596190233515312,0.004461746295181094,0.009465699343379888,0.01070055185366426,0.008097054250140137,0.003973052972327061,0.006205495691504066,0.010839245592938623,0.010728667376764322,0.0020898869580866656,0.006565615716407613,0.005195330716326344,0.0014779018497761615,0.008526066624091158,0.004644619042547083,0.005334572733999264,0.0022343051727775898,0.007121783138069915,0.009530077184853854,0.005453109626902383,0.00987999841168424,0.0013855197133006703,0.008693403849074455,0.003559160204968313,0.0029745467820749757,0.0018269115263303158,0.002840821760202121,0.003996573143836746,0.010719719870239012,0.0009490905176424764,0.0029873047926126813,0.005383662913631452,0.0060170413637380534,5.642727514338227e-05,0.007129721331035433,0.003079605336072743,0.0037011041335269085,0.005470815327328927,0.0
